{"cameraMode":{"drawMode":0,"name":"Shaded","section":"Shading Mode"},"sceneLighting":true,"audioPlay":false,"sceneViewState":{"m_AlwaysRefresh":false,"showFog":true,"showSkybox":true,"showFlares":true,"showImageEffects":true,"showParticleSystems":true,"showVisualEffectGraphs":true,"m_FxEnabled":true},"in2DMode":false,"pivot":{"x":324.3722839355469,"y":257.1149597167969,"z":355.1952209472656},"rotation":{"x":0.01380267646163702,"y":-0.030497116968035699,"z":0.0004222823481541127,"w":0.9994471669197083},"size":499.24066162109377,"orthographic":false}